-- Staging seed: a minimal, valid starter catalog for the Staging environment.
-- Idempotent (INSERT OR IGNORE on fixed ids), so it can be re-applied safely.
-- Apply with: wrangler d1 execute cutura-staging --env staging --remote --file=infra/seed/staging-seed.sql
-- Expand this as the catalog admin (M2) and the vertical slice (M3) land.

-- Garment type: shirt
INSERT OR IGNORE INTO garment_type (id, key, name_i18n, measurement_schema_id, created_at, updated_at)
VALUES ('gt_shirt', 'shirt', '{"de":"Hemd","en":"Shirt","it":"Camicia","fr":"Chemise"}', 'ms_shirt', '2026-06-24T00:00:00Z', '2026-06-24T00:00:00Z');

INSERT OR IGNORE INTO measurement_schema (id, garment_type_id, version, fields, created_at, updated_at)
VALUES ('ms_shirt', 'gt_shirt', 2, '{"core":["neck","shoulder","backWidth","aboveChest","chest","armhole","biceps","wrist","sleeveLength","shirtLength"],"units":"cm"}', '2026-06-24T00:00:00Z', '2026-06-24T00:00:00Z');

-- Default supplier
INSERT OR IGNORE INTO supplier (id, name, is_default, created_at, updated_at)
VALUES ('sup_default', 'Default Tailor', 1, '2026-06-24T00:00:00Z', '2026-06-24T00:00:00Z');

-- Base model: Oxford Business Shirt (Business Essentials)
INSERT OR IGNORE INTO base_model (id, garment_type_id, handle, name_i18n, description_i18n, base_price_minor, lead_time_min_days, lead_time_max_days, status, created_at, updated_at)
VALUES ('bm_oxford', 'gt_shirt', 'oxford-business-shirt', '{"de":"Oxford Business Shirt","en":"Oxford Business Shirt","fr":"Chemise Business Oxford","it":"Camicia Business Oxford"}', '{"de":"Das Oxford Business Shirt ist ein klares, vielseitiges Hemd für Büro, Meetings und gepflegte Alltagslooks. Der klassische Kragen, die saubere Knopfleiste und die strukturierte Oberfläche sorgen für einen ruhigen, professionellen Eindruck. Nach Ihren Massen gefertigt und in Weiss oder Hellblau erhältlich.","en":"The Oxford Business Shirt is a clean, versatile shirt for the office, meetings, and refined daily wear. Its classic collar, neat button front, and structured surface create a calm, professional impression. Made to your measurements and available in white or light blue.","fr":"La Chemise Business Oxford est une chemise nette et polyvalente pour le bureau, les réunions et les tenues quotidiennes soignées. Son col classique, sa patte de boutonnage épurée et sa surface structurée créent une impression sobre et professionnelle. Confectionnée selon vos mesures et disponible en blanc ou bleu clair.","it":"La Camicia Business Oxford è una camicia pulita e versatile per ufficio, riunioni e look quotidiani curati. Il collo classico, l’abbottonatura ordinata e la superficie strutturata creano un’impressione sobria e professionale. Realizzata sulle tue misure e disponibile in bianco o azzurro."}', 16900, 14, 28, 'orderable', '2026-06-24T00:00:00Z', '2026-06-24T00:00:00Z');

-- Fabrics
INSERT OR IGNORE INTO fabric (id, code, name_i18n, description_i18n, surcharge_minor, available, created_at, updated_at)
VALUES ('fab_white', 'OXF-WHT-01', '{"de":"Oxford Weiss","en":"Oxford White","fr":"Oxford blanc","it":"Oxford bianco"}', '{"de":"Ein klassischer weisser Hemdenstoff mit sauberer, strukturierter Oberfläche. Klar, vielseitig und ideal für Business-Hemden.","en":"A classic white shirting fabric with a clean, structured surface. Crisp, versatile, and ideal for business shirts.","fr":"Un tissu de chemise blanc classique à la surface nette et structurée. Clair, polyvalent et idéal pour les chemises business.","it":"Un classico tessuto bianco da camicia con superficie pulita e strutturata. Nitido, versatile e ideale per camicie business."}', 0, 1, '2026-06-24T00:00:00Z', '2026-06-24T00:00:00Z');
INSERT OR IGNORE INTO fabric (id, code, name_i18n, description_i18n, surcharge_minor, available, created_at, updated_at)
VALUES ('fab_blue', 'OXF-BLU-01', '{"de":"Oxford Blau","en":"Oxford Blue","fr":"Oxford bleu","it":"Oxford blu"}', '{"de":"Ein hellblauer Hemdenstoff mit ruhiger, gepflegter Wirkung. Klassisch, sauber und gut kombinierbar im Business-Alltag.","en":"A light blue shirting fabric with a calm, polished character. Classic, clean, and easy to combine in everyday business wear.","fr":"Un tissu de chemise bleu clair à l’allure sobre et soignée. Classique, net et facile à associer au quotidien professionnel.","it":"Un tessuto azzurro da camicia dall’aspetto sobrio e curato. Classico, pulito e facile da abbinare nel quotidiano business."}', 2000, 1, '2026-06-24T00:00:00Z', '2026-06-24T00:00:00Z');

-- Option group: collar
INSERT OR IGNORE INTO option_group (id, garment_type_id, code, label_i18n, created_at, updated_at)
VALUES ('og_collar', 'gt_shirt', 'collar', '{"de":"Kragen","en":"Collar","it":"Colletto","fr":"Col"}', '2026-06-24T00:00:00Z', '2026-06-24T00:00:00Z');
INSERT OR IGNORE INTO option_value (id, option_group_id, code, label_i18n, surcharge_minor, created_at, updated_at)
VALUES ('ov_spread', 'og_collar', 'spread', '{"de":"Spread","en":"Spread","it":"Spread","fr":"Italien"}', 0, '2026-06-24T00:00:00Z', '2026-06-24T00:00:00Z');
INSERT OR IGNORE INTO option_value (id, option_group_id, code, label_i18n, surcharge_minor, created_at, updated_at)
VALUES ('ov_button_down', 'og_collar', 'button_down', '{"de":"Button-Down","en":"Button-Down","it":"Button-Down","fr":"Boutonne"}', 500, '2026-06-24T00:00:00Z', '2026-06-24T00:00:00Z');

-- Per-model allow-lists
INSERT OR IGNORE INTO model_allowed_fabric (id, base_model_id, fabric_id, position) VALUES ('maf_white', 'bm_oxford', 'fab_white', 0);
INSERT OR IGNORE INTO model_allowed_fabric (id, base_model_id, fabric_id, position) VALUES ('maf_blue', 'bm_oxford', 'fab_blue', 1);
INSERT OR IGNORE INTO model_allowed_option (id, base_model_id, option_group_id, required, position) VALUES ('mao_collar', 'bm_oxford', 'og_collar', 1, 0);

-- Garment type: trouser (added as DATA + the registered estimator module; FR-104).
INSERT OR IGNORE INTO garment_type (id, key, name_i18n, measurement_schema_id, created_at, updated_at)
VALUES ('gt_trouser', 'trouser', '{"de":"Hose","en":"Trousers","it":"Pantaloni","fr":"Pantalon"}', 'ms_trouser', '2026-06-24T00:00:00Z', '2026-06-24T00:00:00Z');

INSERT OR IGNORE INTO measurement_schema (id, garment_type_id, version, fields, created_at, updated_at)
VALUES ('ms_trouser', 'gt_trouser', 2, '{"core":["waist","belly","hips","crotch","thigh","calf","trouserLength"],"units":"cm"}', '2026-06-24T00:00:00Z', '2026-06-24T00:00:00Z');

-- Base model: City Pleated Trouser (Business Essentials)
INSERT OR IGNORE INTO base_model (id, garment_type_id, handle, name_i18n, description_i18n, base_price_minor, lead_time_min_days, lead_time_max_days, status, created_at, updated_at)
VALUES ('bm_chino', 'gt_trouser', 'city-pleated-trouser', '{"de":"City Pleated Trouser","en":"City Pleated Trouser","fr":"Pantalon City à pinces","it":"Pantalone City con pinces"}', '{"de":"Die City Pleated Trouser ist eine gepflegte Hose für Büro, Meetings und Smart-Casual-Looks. Die Bundfalten geben dem Vorderteil mehr Tiefe und Bewegungsfreiheit, während das gerade Bein für eine ruhige, klare Silhouette sorgt. Nach Ihren Massen gefertigt und in Sand oder Marine erhältlich.","en":"The City Pleated Trouser is a refined trouser for the office, meetings, and smart-casual dressing. The front pleats add depth and ease of movement, while the straight leg creates a calm, clean silhouette. Made to your measurements and available in sand or navy.","fr":"Le Pantalon City à pinces est un pantalon soigné pour le bureau, les réunions et les tenues smart casual. Les pinces à l’avant apportent du volume et de l’aisance, tandis que la jambe droite crée une silhouette sobre et nette. Confectionné selon vos mesures et disponible en sable ou marine.","it":"Il Pantalone City con pinces è un pantalone curato per ufficio, riunioni e look smart casual. Le pinces frontali aggiungono profondità e libertà di movimento, mentre la gamba dritta crea una silhouette sobria e pulita. Realizzato sulle tue misure e disponibile in sabbia o blu navy."}', 18900, 14, 28, 'orderable', '2026-06-24T00:00:00Z', '2026-06-24T00:00:00Z');

-- Trouser fabrics (with fibre composition + care, carried to the PDP + the sewn-in label)
INSERT OR IGNORE INTO fabric (id, code, name_i18n, description_i18n, care_data, surcharge_minor, available, created_at, updated_at)
VALUES ('fab_chino_navy', 'CHN-NAV-01', '{"de":"Chino Marine","en":"Chino Navy","fr":"Chino marine","it":"Chino blu navy"}', '{"de":"Ein dunkler Marine-Ton für klare, gepflegte Hosen. Wirkt formeller als helle Farben und bleibt trotzdem vielseitig.","en":"A dark navy tone for clean, refined trousers. More formal than lighter colors while remaining versatile.","fr":"Une teinte bleu marine foncé pour des pantalons nets et soignés. Plus formelle que les couleurs claires, tout en restant polyvalente.","it":"Una tonalità blu navy scura per pantaloni puliti e curati. Più formale dei colori chiari, ma comunque versatile."}', '["30C","no bleach","iron medium"]', 0, 1, '2026-06-24T00:00:00Z', '2026-06-24T00:00:00Z');
INSERT OR IGNORE INTO fabric (id, code, name_i18n, description_i18n, care_data, surcharge_minor, available, created_at, updated_at)
VALUES ('fab_chino_stone', 'CHN-SND-01', '{"de":"Chino Sand","en":"Chino Sand","fr":"Chino sable","it":"Chino sabbia"}', '{"de":"Ein heller, neutraler Chino-Stoff für gepflegte Hosen. Ruhig, vielseitig und ideal für Business- und Smart-Casual-Kombinationen.","en":"A light neutral chino fabric for refined trousers. Quiet, versatile, and ideal for business and smart-casual combinations.","fr":"Un tissu chino clair et neutre pour pantalons soignés. Sobre, polyvalent et idéal pour les tenues business et smart casual.","it":"Un tessuto chino chiaro e neutro per pantaloni curati. Sobrio, versatile e ideale per abbinamenti business e smart casual."}', '["30C","no bleach","iron medium"]', 1500, 1, '2026-06-24T00:00:00Z', '2026-06-24T00:00:00Z');

-- Option group: pleats
INSERT OR IGNORE INTO option_group (id, garment_type_id, code, label_i18n, created_at, updated_at)
VALUES ('og_pleats', 'gt_trouser', 'pleats', '{"de":"Bundfalten","en":"Pleats","it":"Pince","fr":"Pinces"}', '2026-06-24T00:00:00Z', '2026-06-24T00:00:00Z');
INSERT OR IGNORE INTO option_value (id, option_group_id, code, label_i18n, surcharge_minor, created_at, updated_at)
VALUES ('ov_flat_front', 'og_pleats', 'flat_front', '{"de":"Ohne Bundfalten","en":"Flat front","it":"Senza pince","fr":"Sans pinces"}', 0, '2026-06-24T00:00:00Z', '2026-06-24T00:00:00Z');
INSERT OR IGNORE INTO option_value (id, option_group_id, code, label_i18n, surcharge_minor, created_at, updated_at)
VALUES ('ov_single_pleat', 'og_pleats', 'single_pleat', '{"de":"Eine Bundfalte","en":"Single pleat","it":"Una pince","fr":"Une pince"}', 500, '2026-06-24T00:00:00Z', '2026-06-24T00:00:00Z');

-- Trouser allow-lists
INSERT OR IGNORE INTO model_allowed_fabric (id, base_model_id, fabric_id, position) VALUES ('maf_chino_navy', 'bm_chino', 'fab_chino_navy', 0);
INSERT OR IGNORE INTO model_allowed_fabric (id, base_model_id, fabric_id, position) VALUES ('maf_chino_stone', 'bm_chino', 'fab_chino_stone', 1);
INSERT OR IGNORE INTO model_allowed_option (id, base_model_id, option_group_id, required, position) VALUES ('mao_pleats', 'bm_chino', 'og_pleats', 1, 0);

-- Curated cross-sell rules live in the Essentials section at the end of this file (FR-1110).

-- Shipping (Switzerland and Liechtenstein; standard included in the price)
INSERT OR IGNORE INTO shipping_zone (id, name, countries, created_at, updated_at)
VALUES ('sz_ch_li', 'Switzerland and Liechtenstein', '["CH","LI"]', '2026-06-24T00:00:00Z', '2026-06-24T00:00:00Z');
INSERT OR IGNORE INTO shipping_method (id, zone_id, code, price_minor, kind, included_in_price, created_at, updated_at)
VALUES ('sm_standard', 'sz_ch_li', 'standard', 0, 'standard', 1, '2026-06-24T00:00:00Z', '2026-06-24T00:00:00Z');

-- Config: capacity cap and pause state
INSERT OR IGNORE INTO config (key, value, updated_at) VALUES ('capacity_cap', '{"maxOpenOrders":50}', '2026-06-24T00:00:00Z');
INSERT OR IGNORE INTO config (key, value, updated_at) VALUES ('pause', '{"active":false,"message":""}', '2026-06-24T00:00:00Z');

-- Content + legal pages (placeholder copy; final legal text + lawyer sign-off in M7).
INSERT OR IGNORE INTO content_page (id, slug, kind, title_i18n, body_i18n, version, created_at, updated_at)
VALUES ('cp_about', 'about', 'content', '{"de":"Ueber CUTURA","en":"About CUTURA","it":"Chi siamo","fr":"A propos"}', '{"de":"Massgefertigte Kleidung aus der Schweiz.","en":"Made-to-measure clothing from Switzerland.","it":"Abbigliamento su misura dalla Svizzera.","fr":"Vetements sur mesure de Suisse."}', 1, '2026-06-24T00:00:00Z', '2026-06-24T00:00:00Z');
INSERT OR IGNORE INTO content_page (id, slug, kind, title_i18n, body_i18n, version, created_at, updated_at)
VALUES ('cp_faq', 'faq', 'content', '{"de":"Haeufige Fragen","en":"FAQ","it":"Domande frequenti","fr":"FAQ"}', '{"de":"Antworten auf haeufige Fragen folgen.","en":"Answers to common questions are coming.","it":"Le risposte alle domande comuni sono in arrivo.","fr":"Les reponses aux questions frequentes arrivent."}', 1, '2026-06-24T00:00:00Z', '2026-06-24T00:00:00Z');
INSERT OR IGNORE INTO content_page (id, slug, kind, title_i18n, body_i18n, version, created_at, updated_at)
VALUES ('cp_fit_guide', 'fit-guide', 'content', '{"de":"Passform- und Massleitfaden","en":"Fit and size guide","it":"Guida a vestibilita e misure","fr":"Guide des tailles et coupes"}', '{"de":"So messen Sie richtig.","en":"How to measure correctly.","it":"Come misurare correttamente.","fr":"Comment bien mesurer."}', 1, '2026-06-24T00:00:00Z', '2026-06-24T00:00:00Z');

-- Legal pages. Placeholder copy ONLY: shipping/fit-guarantee describe actual system
-- behaviour; terms/imprint/privacy state intent + explicit [to be completed] fields.
-- Final legal text, real company data, and lawyer sign-off are required before launch
-- (see docs/COMPLIANCE.md). No fabricated citations.
INSERT OR IGNORE INTO content_page (id, slug, kind, title_i18n, body_i18n, version, created_at, updated_at)
VALUES ('cp_terms', 'terms', 'legal', '{"de":"AGB","en":"Terms","it":"Termini","fr":"Conditions"}', '{"de":"Die vollstaendigen AGB werden nach juristischer Pruefung veroeffentlicht.","en":"The full terms will be published after legal review.","it":"I termini completi saranno pubblicati dopo la revisione legale.","fr":"Les conditions completes seront publiees apres revision juridique."}', 1, '2026-06-24T00:00:00Z', '2026-06-24T00:00:00Z');
INSERT OR IGNORE INTO content_page (id, slug, kind, title_i18n, body_i18n, version, created_at, updated_at)
VALUES ('cp_privacy', 'privacy', 'legal', '{"de":"Datenschutz","en":"Privacy","it":"Privacy","fr":"Confidentialite"}', '{"de":"Wir minimieren Daten, verschluesseln Koerpermasse und erfuellen Loesch- und Auskunftsrechte. Die vollstaendige Erklaerung folgt nach juristischer Pruefung.","en":"We minimize data, encrypt body measurements, and honor deletion and access rights. The full policy follows after legal review.","it":"Minimizziamo i dati, cifriamo le misure corporee e rispettiamo i diritti di cancellazione e accesso. La policy completa segue dopo la revisione legale.","fr":"Nous minimisons les donnees, chiffrons les mesures corporelles et respectons les droits de suppression et d acces. La politique complete suit apres revision juridique."}', 1, '2026-06-24T00:00:00Z', '2026-06-24T00:00:00Z');
INSERT OR IGNORE INTO content_page (id, slug, kind, title_i18n, body_i18n, version, created_at, updated_at)
VALUES ('cp_imprint', 'imprint', 'legal', '{"de":"Impressum","en":"Imprint","it":"Note legali","fr":"Mentions legales"}', '{"de":"Firma: [zu ergaenzen]. Adresse: [zu ergaenzen]. Kontakt: [zu ergaenzen]. UID: [zu ergaenzen].","en":"Company: [to be completed]. Address: [to be completed]. Contact: [to be completed]. UID: [to be completed].","it":"Azienda: [da completare]. Indirizzo: [da completare]. Contatto: [da completare]. UID: [da completare].","fr":"Societe: [a completer]. Adresse: [a completer]. Contact: [a completer]. UID: [a completer]."}', 1, '2026-06-24T00:00:00Z', '2026-06-24T00:00:00Z');
INSERT OR IGNORE INTO content_page (id, slug, kind, title_i18n, body_i18n, version, created_at, updated_at)
VALUES ('cp_shipping', 'shipping', 'legal', '{"de":"Versand","en":"Shipping","it":"Spedizione","fr":"Livraison"}', '{"de":"Wir liefern in die Schweiz und nach Liechtenstein. Standardversand ist im angezeigten Preis enthalten. Lieferzeiten stehen beim Produkt.","en":"We ship to Switzerland and Liechtenstein. Standard shipping is included in the displayed price. Lead times are shown on each product.","it":"Spediamo in Svizzera e Liechtenstein. La spedizione standard e inclusa nel prezzo indicato. I tempi di consegna sono indicati su ogni prodotto.","fr":"Nous livrons en Suisse et au Liechtenstein. La livraison standard est incluse dans le prix affiche. Les delais figurent sur chaque produit."}', 1, '2026-06-24T00:00:00Z', '2026-06-24T00:00:00Z');
INSERT OR IGNORE INTO content_page (id, slug, kind, title_i18n, body_i18n, version, created_at, updated_at)
VALUES ('cp_fit_guarantee', 'fit-guarantee', 'legal', '{"de":"Passform-Garantie","en":"Fit guarantee","it":"Garanzia di vestibilita","fr":"Garantie d ajustement"}', '{"de":"Stimmt die Passform nicht, fertigen wir das Stueck zuerst neu an. Loest eine Neuanfertigung es nicht, ist eine Rueckerstattung moeglich. Das Original behalten Sie zum Start.","en":"If the fit is not right, we remake the garment first. If a remake does not resolve it, a refund is available. You keep the original at launch.","it":"Se la vestibilita non e corretta, rifacciamo prima il capo. Se il rifacimento non risolve, e possibile un rimborso. Allinizio tieni loriginale.","fr":"Si la coupe ne convient pas, nous refaisons d abord le vetement. Si une refabrication ne resout pas le probleme, un remboursement est possible. Vous gardez l original au lancement."}', 1, '2026-06-24T00:00:00Z', '2026-06-24T00:00:00Z');

-- ---------------------------------------------------------------------------
-- Additional options (2026-06-25): shirt sleeve; trouser side pockets, back
-- pockets (optional), and closure; plus a double-pleat value. Idempotent
-- (INSERT OR IGNORE, fixed ids). Applied to cutura-control AND cutura-staging.
-- The founder adds a picture per value in the admin, then publishes.
-- ---------------------------------------------------------------------------

-- Shirt: sleeve (required)
INSERT OR IGNORE INTO option_group (id, garment_type_id, code, label_i18n, created_at, updated_at)
VALUES ('og_sleeve', 'gt_shirt', 'sleeve', '{"de":"Ärmel","en":"Sleeve","it":"Manica","fr":"Manche"}', '2026-06-25T00:00:00Z', '2026-06-25T00:00:00Z');
INSERT OR IGNORE INTO option_value (id, option_group_id, code, label_i18n, surcharge_minor, created_at, updated_at)
VALUES ('ov_sleeve_long', 'og_sleeve', 'long', '{"de":"Langarm","en":"Long sleeve","it":"Manica lunga","fr":"Manches longues"}', 0, '2026-06-25T00:00:00Z', '2026-06-25T00:00:00Z');
INSERT OR IGNORE INTO option_value (id, option_group_id, code, label_i18n, surcharge_minor, created_at, updated_at)
VALUES ('ov_sleeve_short', 'og_sleeve', 'short', '{"de":"Kurzarm","en":"Short sleeve","it":"Manica corta","fr":"Manches courtes"}', 0, '2026-06-25T00:00:00Z', '2026-06-25T00:00:00Z');
INSERT OR IGNORE INTO model_allowed_option (id, base_model_id, option_group_id, required, position)
VALUES ('mao_oxford_sleeve', 'bm_oxford', 'og_sleeve', 1, 1);

-- Trouser: side pockets (required)
INSERT OR IGNORE INTO option_group (id, garment_type_id, code, label_i18n, created_at, updated_at)
VALUES ('og_side_pockets', 'gt_trouser', 'side_pockets', '{"de":"Seitentaschen","en":"Side pockets","it":"Tasche laterali","fr":"Poches latérales"}', '2026-06-25T00:00:00Z', '2026-06-25T00:00:00Z');
INSERT OR IGNORE INTO option_value (id, option_group_id, code, label_i18n, surcharge_minor, created_at, updated_at)
VALUES ('ov_side_slant', 'og_side_pockets', 'slanted', '{"de":"Schräge Tasche","en":"Slanted","it":"Tasca obliqua","fr":"Poche oblique"}', 0, '2026-06-25T00:00:00Z', '2026-06-25T00:00:00Z');
INSERT OR IGNORE INTO option_value (id, option_group_id, code, label_i18n, surcharge_minor, created_at, updated_at)
VALUES ('ov_side_straight', 'og_side_pockets', 'straight', '{"de":"Gerade Tasche","en":"Straight","it":"Tasca verticale","fr":"Poche droite"}', 0, '2026-06-25T00:00:00Z', '2026-06-25T00:00:00Z');
INSERT OR IGNORE INTO model_allowed_option (id, base_model_id, option_group_id, required, position)
VALUES ('mao_chino_side', 'bm_chino', 'og_side_pockets', 1, 1);

-- Trouser: back pockets (optional; the configurator offers a "None" choice)
INSERT OR IGNORE INTO option_group (id, garment_type_id, code, label_i18n, created_at, updated_at)
VALUES ('og_back_pockets', 'gt_trouser', 'back_pockets', '{"de":"Gesässtaschen","en":"Back pockets","it":"Tasche posteriori","fr":"Poches arrière"}', '2026-06-25T00:00:00Z', '2026-06-25T00:00:00Z');
INSERT OR IGNORE INTO option_value (id, option_group_id, code, label_i18n, surcharge_minor, created_at, updated_at)
VALUES ('ov_back_welt', 'og_back_pockets', 'welt', '{"de":"Paspeltasche","en":"Welt pocket","it":"Tasca profilata","fr":"Poche passepoilée"}', 0, '2026-06-25T00:00:00Z', '2026-06-25T00:00:00Z');
INSERT OR IGNORE INTO option_value (id, option_group_id, code, label_i18n, surcharge_minor, created_at, updated_at)
VALUES ('ov_back_button', 'og_back_pockets', 'button_welt', '{"de":"Paspeltasche mit Knopf","en":"Button-through welt","it":"Tasca con bottone","fr":"Poche à bouton"}', 500, '2026-06-25T00:00:00Z', '2026-06-25T00:00:00Z');
INSERT OR IGNORE INTO option_value (id, option_group_id, code, label_i18n, surcharge_minor, created_at, updated_at)
VALUES ('ov_back_patch', 'og_back_pockets', 'patch', '{"de":"Aufgesetzte Tasche","en":"Patch pocket","it":"Tasca applicata","fr":"Poche plaquée"}', 0, '2026-06-25T00:00:00Z', '2026-06-25T00:00:00Z');
INSERT OR IGNORE INTO model_allowed_option (id, base_model_id, option_group_id, required, position)
VALUES ('mao_chino_back', 'bm_chino', 'og_back_pockets', 0, 2);

-- Trouser: closure (required)
INSERT OR IGNORE INTO option_group (id, garment_type_id, code, label_i18n, created_at, updated_at)
VALUES ('og_closure', 'gt_trouser', 'closure', '{"de":"Verschluss","en":"Closure","it":"Chiusura","fr":"Fermeture"}', '2026-06-25T00:00:00Z', '2026-06-25T00:00:00Z');
INSERT OR IGNORE INTO option_value (id, option_group_id, code, label_i18n, surcharge_minor, created_at, updated_at)
VALUES ('ov_closure_zip', 'og_closure', 'zip', '{"de":"Reissverschluss","en":"Zip fly","it":"Cerniera","fr":"Braguette zippée"}', 0, '2026-06-25T00:00:00Z', '2026-06-25T00:00:00Z');
INSERT OR IGNORE INTO option_value (id, option_group_id, code, label_i18n, surcharge_minor, created_at, updated_at)
VALUES ('ov_closure_button', 'og_closure', 'button', '{"de":"Knopfleiste","en":"Button fly","it":"Bottoni","fr":"Braguette boutonnée"}', 500, '2026-06-25T00:00:00Z', '2026-06-25T00:00:00Z');
INSERT OR IGNORE INTO model_allowed_option (id, base_model_id, option_group_id, required, position)
VALUES ('mao_chino_closure', 'bm_chino', 'og_closure', 1, 3);

-- Trouser: double pleat (two folds), added to the existing pleats group
INSERT OR IGNORE INTO option_value (id, option_group_id, code, label_i18n, surcharge_minor, created_at, updated_at)
VALUES ('ov_double_pleat', 'og_pleats', 'double_pleat', '{"de":"Zwei Bundfalten","en":"Double pleat","it":"Due pince","fr":"Deux pinces"}', 1000, '2026-06-25T00:00:00Z', '2026-06-25T00:00:00Z');

-- ---------------------------------------------------------------------------
-- Casual Essentials catalog (2026-06-26): casual fabrics + the camp-collar shirt,
-- drawstring trouser, and linen essential shirt; plus the Business + Casual
-- Essentials collections (featured on the landing page) and reciprocal cross-sell.
-- Internal ids keep their original slugs (never shown); nothing user-facing says
-- "Riviera". Placeholder prices; em dashes normalized to hyphens (house rule).
-- ---------------------------------------------------------------------------

-- Casual fabrics: three colours (composition unknown) + white linen.
INSERT OR IGNORE INTO fabric (id, code, name_i18n, description_i18n, surcharge_minor, available, created_at, updated_at)
VALUES ('fab_riv_tobacco', 'CAS-TOB-01', '{"de":"Tabakbraun","en":"Tobacco Brown","fr":"Brun tabac","it":"Marrone tabacco"}', '{"de":"Ein warmer, ruhiger Braunton mit natürlicher Stoffstruktur. Geeignet für entspannte Hemden und Hosen der Casual Essentials Collection.","en":"A warm, quiet brown tone with a natural fabric texture. Suitable for relaxed shirts and trousers in the Casual Essentials collection.","fr":"Une teinte brune chaude et sobre à la texture naturelle. Adaptée aux chemises et pantalons décontractés de la collection Essentiels Casual.","it":"Una tonalità marrone calda e sobria con texture naturale. Adatta a camicie e pantaloni rilassati della collezione Essenziali Casual."}', 0, 1, '2026-06-26T00:00:00Z', '2026-06-26T00:00:00Z');
INSERT OR IGNORE INTO fabric (id, code, name_i18n, description_i18n, surcharge_minor, available, created_at, updated_at)
VALUES ('fab_riv_olive', 'CAS-OLV-01', '{"de":"Olivgrün","en":"Olive Green","fr":"Vert olive","it":"Verde oliva"}', '{"de":"Ein gedämpfter Olivton mit natürlicher Struktur. Ruhig, vielseitig und gut kombinierbar.","en":"A muted olive tone with a natural texture. Quiet, versatile, and easy to combine.","fr":"Une teinte olive sourde à la texture naturelle. Sobre, polyvalente et facile à associer.","it":"Una tonalità verde oliva attenuata con texture naturale. Sobria, versatile e facile da abbinare."}', 0, 1, '2026-06-26T00:00:00Z', '2026-06-26T00:00:00Z');
INSERT OR IGNORE INTO fabric (id, code, name_i18n, description_i18n, surcharge_minor, available, created_at, updated_at)
VALUES ('fab_riv_sand', 'CAS-SND-01', '{"de":"Sandbeige","en":"Sand Beige","fr":"Beige sable","it":"Beige sabbia"}', '{"de":"Ein heller, neutraler Sandton mit leichter, natürlicher Wirkung. Ideal für warme Tage und ruhige Kombinationen.","en":"A light neutral sand tone with an easy natural character. Ideal for warm days and calm combinations.","fr":"Une teinte sable claire et neutre au caractère naturel. Idéale pour les journées chaudes et les associations sobres.","it":"Una tonalità sabbia chiara e neutra dal carattere naturale. Ideale per giornate calde e abbinamenti sobri."}', 0, 1, '2026-06-26T00:00:00Z', '2026-06-26T00:00:00Z');
INSERT OR IGNORE INTO fabric (id, code, name_i18n, description_i18n, material, fibre_composition, surcharge_minor, available, created_at, updated_at)
VALUES ('fab_lin_white', 'LIN-WHT-01', '{"de":"Leinen Weiss","en":"White Linen","fr":"Lin blanc","it":"Lino bianco"}', '{"de":"Weisses Leinen mit natürlicher Struktur, leichtem Griff und sommerlichem Charakter.","en":"White linen with a natural texture, lightweight feel, and summer-ready character.","fr":"Lin blanc à la texture naturelle, au toucher léger et au caractère estival.","it":"Lino bianco con texture naturale, mano leggera e carattere estivo."}', 'Linen', '{"linen":100}', 0, 1, '2026-06-26T00:00:00Z', '2026-06-26T00:00:00Z');

-- Casual base models (orderable; placeholder prices; lead time 21/35).
INSERT OR IGNORE INTO base_model (id, garment_type_id, handle, name_i18n, description_i18n, base_price_minor, lead_time_min_days, lead_time_max_days, status, created_at, updated_at)
VALUES ('bm_riviera_shirt', 'gt_shirt', 'camp-collar-shirt', '{"de":"Camp Collar Shirt","en":"Camp Collar Shirt","fr":"Chemise à col camp","it":"Camicia con collo camp"}', '{"de":"Das Camp Collar Shirt ist ein leichtes, kurzärmeliges Hemd für warme Tage und entspannte Smart-Casual-Looks. Der offene Kragen, die klare Knopfleiste und die lockere Silhouette machen es vielseitig tragbar - solo, über einem T-Shirt oder kombiniert mit der passenden Drawstring Trouser. Nach Ihren Massen gefertigt und in drei ruhigen Farben erhältlich.","en":"The Camp Collar Shirt is a lightweight short-sleeve shirt for warm days and relaxed smart-casual dressing. Its open collar, clean button front, and easy silhouette make it versatile - worn on its own, over a T-shirt, or paired with the matching Drawstring Trouser. Made to your measurements and available in three quiet colors.","fr":"La Chemise à col camp est une chemise légère à manches courtes pensée pour les journées chaudes et les tenues smart casual détendues. Son col ouvert, sa patte de boutonnage épurée et sa silhouette souple la rendent polyvalente - portée seule, sur un T-shirt ou avec le Pantalon à cordon assorti. Confectionnée selon vos mesures et disponible en trois couleurs sobres.","it":"La Camicia con collo camp è una camicia leggera a maniche corte pensata per giornate calde e look smart casual rilassati. Il collo aperto, l’abbottonatura pulita e la linea morbida la rendono versatile - da sola, sopra una T-shirt o abbinata al Pantalone con coulisse coordinato. Realizzata sulle tue misure e disponibile in tre colori sobri."}', 16900, 14, 28, 'orderable', '2026-06-26T00:00:00Z', '2026-06-26T00:00:00Z');
INSERT OR IGNORE INTO base_model (id, garment_type_id, handle, name_i18n, description_i18n, base_price_minor, lead_time_min_days, lead_time_max_days, status, created_at, updated_at)
VALUES ('bm_riviera_trouser', 'gt_trouser', 'drawstring-trouser', '{"de":"Drawstring Trouser","en":"Drawstring Trouser","fr":"Pantalon à cordon","it":"Pantalone con coulisse"}', '{"de":"Die Drawstring Trouser verbindet den Komfort einer lockeren Freizeithose mit der sauberen Linie einer massgefertigten Hose. Der elastische Bund mit Kordelzug sorgt für Bewegungsfreiheit, während das gerade Bein ruhig und gepflegt wirkt. Ideal für warme Tage, Reisen und entspannte Smart-Casual-Looks - allein getragen oder kombiniert mit dem passenden Camp Collar Shirt.","en":"The Drawstring Trouser combines the comfort of a relaxed casual pant with the clean look of a made-to-measure trouser. The elastic waistband and drawstring offer easy movement, while the straight leg keeps the silhouette refined and understated. Designed for warm days, travel, and relaxed smart-casual dressing - worn on its own or paired with the matching Camp Collar Shirt.","fr":"Le Pantalon à cordon associe le confort d’un pantalon décontracté à la ligne soignée d’un vêtement sur mesure. La taille élastique avec cordon offre une grande liberté de mouvement, tandis que la jambe droite conserve une silhouette élégante et discrète. Pensé pour les journées chaudes, les voyages et les tenues smart casual détendues - seul ou avec la Chemise à col camp assortie.","it":"Il Pantalone con coulisse unisce il comfort di un pantalone rilassato alla linea pulita di un capo su misura. La vita elasticizzata con coulisse offre libertà di movimento, mentre la gamba dritta mantiene una silhouette curata e discreta. Pensato per giornate calde, viaggi e look smart casual rilassati - da solo o abbinato alla Camicia con collo camp coordinata."}', 18900, 14, 28, 'orderable', '2026-06-26T00:00:00Z', '2026-06-26T00:00:00Z');
INSERT OR IGNORE INTO base_model (id, garment_type_id, handle, name_i18n, description_i18n, base_price_minor, lead_time_min_days, lead_time_max_days, status, created_at, updated_at)
VALUES ('bm_linen_shirt', 'gt_shirt', 'linen-essential-shirt', '{"de":"Linen Essential Shirt","en":"Linen Essential Shirt","fr":"Chemise Essential en lin","it":"Camicia Essential in lino"}', '{"de":"Das Linen Essential Shirt ist ein klassisches Leinenhemd für warme Tage und ruhige, gepflegte Looks. Der leichte Stoff, die natürliche Struktur und die klare Silhouette machen es vielseitig tragbar: offen über einem T-Shirt, sauber kombiniert mit Chino oder entspannt zu einer Sommerhose. Nach Ihren Massen gefertigt und bewusst schlicht gehalten.","en":"The Linen Essential Shirt is a classic linen shirt designed for warm days and understated dressing. Its lightweight fabric, natural texture, and clean silhouette make it easy to wear open over a T-shirt, paired with chinos, or styled casually with relaxed summer trousers. Made to your measurements and kept deliberately simple.","fr":"La Chemise Essential en lin est une chemise classique pensée pour les journées chaudes et les tenues sobres. Son tissu léger, sa texture naturelle et sa silhouette épurée la rendent facile à porter ouverte sur un T-shirt, avec un chino ou avec un pantalon d’été plus détendu. Confectionnée selon vos mesures et volontairement simple.","it":"La Camicia Essential in lino è una camicia classica pensata per le giornate calde e per uno stile sobrio. Il tessuto leggero, la texture naturale e la linea pulita la rendono facile da indossare aperta sopra una T-shirt, con un chino o con pantaloni estivi rilassati. Realizzata sulle tue misure e volutamente essenziale."}', 18900, 14, 28, 'orderable', '2026-06-26T00:00:00Z', '2026-06-26T00:00:00Z');

-- Allowed fabrics: camp + drawstring allow the three casual colours; linen shirt allows white linen.
INSERT OR IGNORE INTO model_allowed_fabric (id, base_model_id, fabric_id, position) VALUES ('maf_riv_shirt_tob', 'bm_riviera_shirt', 'fab_riv_tobacco', 0);
INSERT OR IGNORE INTO model_allowed_fabric (id, base_model_id, fabric_id, position) VALUES ('maf_riv_shirt_olv', 'bm_riviera_shirt', 'fab_riv_olive', 1);
INSERT OR IGNORE INTO model_allowed_fabric (id, base_model_id, fabric_id, position) VALUES ('maf_riv_shirt_snd', 'bm_riviera_shirt', 'fab_riv_sand', 2);
INSERT OR IGNORE INTO model_allowed_fabric (id, base_model_id, fabric_id, position) VALUES ('maf_riv_trs_tob', 'bm_riviera_trouser', 'fab_riv_tobacco', 0);
INSERT OR IGNORE INTO model_allowed_fabric (id, base_model_id, fabric_id, position) VALUES ('maf_riv_trs_olv', 'bm_riviera_trouser', 'fab_riv_olive', 1);
INSERT OR IGNORE INTO model_allowed_fabric (id, base_model_id, fabric_id, position) VALUES ('maf_riv_trs_snd', 'bm_riviera_trouser', 'fab_riv_sand', 2);
INSERT OR IGNORE INTO model_allowed_fabric (id, base_model_id, fabric_id, position) VALUES ('maf_lin_shirt_white', 'bm_linen_shirt', 'fab_lin_white', 0);

-- Collections: Business + Casual Essentials, both featured on the landing page.
INSERT OR IGNORE INTO collection (id, handle, name_i18n, description_i18n, featured_on_landing, landing_position, created_at, updated_at)
VALUES ('col_business_essentials', 'business-essentials', '{"de":"Business Essentials","en":"Business Essentials","fr":"Essentiels Business","it":"Essenziali Business"}', '{"de":"Business Essentials steht für ruhige, präzise Garderobe mit klarer Linie. Die Kollektion umfasst massgefertigte Hemden und Hosen, die sauber wirken, ohne steif zu sein - gemacht für Büro, Meetings und einen gepflegten Alltag.","en":"Business Essentials is built around calm, precise wardrobe staples with a clean silhouette. The collection includes made-to-measure shirts and trousers that look refined without feeling stiff - made for the office, meetings, and polished daily wear.","fr":"Essentiels Business repose sur une garde-robe sobre, précise et aux lignes nettes. La collection comprend des chemises et pantalons sur mesure, élégants sans être rigides - pensés pour le bureau, les réunions et un quotidien soigné.","it":"Essenziali Business nasce da un guardaroba sobrio, preciso e dalle linee pulite. La collezione comprende camicie e pantaloni su misura, curati senza risultare rigidi - pensati per ufficio, riunioni e quotidianità elegante."}', 1, 1, '2026-06-26T00:00:00Z', '2026-06-26T00:00:00Z');
INSERT OR IGNORE INTO collection (id, handle, name_i18n, description_i18n, featured_on_landing, landing_position, created_at, updated_at)
VALUES ('col_casual_essentials', 'casual-essentials', '{"de":"Casual Essentials","en":"Casual Essentials","fr":"Essentiels Casual","it":"Essenziali Casual"}', '{"de":"Casual Essentials verbindet leichte Stoffe, ruhige Farben und entspannte Silhouetten mit der Präzision von Massanfertigung. Die Kollektion ist für warme Tage, Reisen und gepflegte Freizeit-Looks gedacht - schlicht, vielseitig und nach Ihren Massen gefertigt.","en":"Casual Essentials combines lightweight fabrics, quiet colors, and relaxed silhouettes with the precision of made-to-measure. The collection is designed for warm days, travel, and refined off-duty dressing - simple, versatile, and made to your measurements.","fr":"Essentiels Casual associe des tissus légers, des couleurs sobres et des silhouettes détendues à la précision du sur mesure. La collection est pensée pour les journées chaudes, les voyages et les tenues décontractées soignées - simple, polyvalente et confectionnée selon vos mesures.","it":"Essenziali Casual unisce tessuti leggeri, colori sobri e silhouette rilassate alla precisione del su misura. La collezione è pensata per giornate calde, viaggi e look informali curati - semplice, versatile e realizzata sulle tue misure."}', 1, 2, '2026-06-26T00:00:00Z', '2026-06-26T00:00:00Z');
INSERT OR IGNORE INTO collection_member (id, collection_id, base_model_id, position) VALUES ('com_business_oxford', 'col_business_essentials', 'bm_oxford', 0);
INSERT OR IGNORE INTO collection_member (id, collection_id, base_model_id, position) VALUES ('com_business_city', 'col_business_essentials', 'bm_chino', 1);
INSERT OR IGNORE INTO collection_member (id, collection_id, base_model_id, position) VALUES ('com_casual_camp', 'col_casual_essentials', 'bm_riviera_shirt', 0);
INSERT OR IGNORE INTO collection_member (id, collection_id, base_model_id, position) VALUES ('com_casual_draw', 'col_casual_essentials', 'bm_riviera_trouser', 1);
INSERT OR IGNORE INTO collection_member (id, collection_id, base_model_id, position) VALUES ('com_casual_linen', 'col_casual_essentials', 'bm_linen_shirt', 2);

-- Cross-sell: reciprocal within each collection (source_key = handle, suggested = model id).
INSERT OR IGNORE INTO cross_sell_rule (id, source_type, source_key, suggested_model_id, position, created_at, updated_at) VALUES ('xs_camp_draw', 'model', 'camp-collar-shirt', 'bm_riviera_trouser', 0, '2026-06-26T00:00:00Z', '2026-06-26T00:00:00Z');
INSERT OR IGNORE INTO cross_sell_rule (id, source_type, source_key, suggested_model_id, position, created_at, updated_at) VALUES ('xs_draw_camp', 'model', 'drawstring-trouser', 'bm_riviera_shirt', 0, '2026-06-26T00:00:00Z', '2026-06-26T00:00:00Z');
INSERT OR IGNORE INTO cross_sell_rule (id, source_type, source_key, suggested_model_id, position, created_at, updated_at) VALUES ('xs_linen_draw', 'model', 'linen-essential-shirt', 'bm_riviera_trouser', 0, '2026-06-26T00:00:00Z', '2026-06-26T00:00:00Z');
INSERT OR IGNORE INTO cross_sell_rule (id, source_type, source_key, suggested_model_id, position, created_at, updated_at) VALUES ('xs_linen_camp', 'model', 'linen-essential-shirt', 'bm_riviera_shirt', 1, '2026-06-26T00:00:00Z', '2026-06-26T00:00:00Z');
INSERT OR IGNORE INTO cross_sell_rule (id, source_type, source_key, suggested_model_id, position, created_at, updated_at) VALUES ('xs_oxford_city', 'model', 'oxford-business-shirt', 'bm_chino', 0, '2026-06-26T00:00:00Z', '2026-06-26T00:00:00Z');
INSERT OR IGNORE INTO cross_sell_rule (id, source_type, source_key, suggested_model_id, position, created_at, updated_at) VALUES ('xs_city_oxford', 'model', 'city-pleated-trouser', 'bm_oxford', 0, '2026-06-26T00:00:00Z', '2026-06-26T00:00:00Z');

-- ---------------------------------------------------------------------------
-- Suit program (2026-07): jackets for men + women and the women's trouser.
-- Garment types added as DATA + registered estimator modules (FR-104). Models
-- start as DRAFT with placeholder prices; the founder flips them to orderable
-- after the producer RFQ confirms pricing. Women's estimation formulas are
-- provisional until the producer's women's guideline is confirmed.

INSERT OR IGNORE INTO garment_type (id, key, name_i18n, measurement_schema_id, created_at, updated_at)
VALUES ('gt_jacket', 'jacket', '{"de":"Sakko","en":"Jacket","it":"Giacca","fr":"Veste"}', 'ms_jacket', '2026-07-09T00:00:00Z', '2026-07-09T00:00:00Z');
INSERT OR IGNORE INTO measurement_schema (id, garment_type_id, version, fields, created_at, updated_at)
VALUES ('ms_jacket', 'gt_jacket', 1, '{"core":["chest","waist","hips","shoulder","sleeveLength","backLength","jacketLength","biceps","wrist"],"units":"cm"}', '2026-07-09T00:00:00Z', '2026-07-09T00:00:00Z');

INSERT OR IGNORE INTO garment_type (id, key, name_i18n, measurement_schema_id, created_at, updated_at)
VALUES ('gt_jacket_w', 'jacket_w', '{"de":"Blazer (Damen)","en":"Jacket (women)","it":"Giacca (donna)","fr":"Veste (femme)"}', 'ms_jacket_w', '2026-07-09T00:00:00Z', '2026-07-09T00:00:00Z');
INSERT OR IGNORE INTO measurement_schema (id, garment_type_id, version, fields, created_at, updated_at)
VALUES ('ms_jacket_w', 'gt_jacket_w', 1, '{"core":["chest","waist","hips","shoulder","sleeveLength","backLength","jacketLength","biceps","wrist"],"units":"cm"}', '2026-07-09T00:00:00Z', '2026-07-09T00:00:00Z');

INSERT OR IGNORE INTO garment_type (id, key, name_i18n, measurement_schema_id, created_at, updated_at)
VALUES ('gt_trouser_w', 'trouser_w', '{"de":"Hose (Damen)","en":"Trousers (women)","it":"Pantaloni (donna)","fr":"Pantalon (femme)"}', 'ms_trouser_w', '2026-07-09T00:00:00Z', '2026-07-09T00:00:00Z');
INSERT OR IGNORE INTO measurement_schema (id, garment_type_id, version, fields, created_at, updated_at)
VALUES ('ms_trouser_w', 'gt_trouser_w', 1, '{"core":["waist","belly","hips","crotch","thigh","calf","trouserLength"],"units":"cm"}', '2026-07-09T00:00:00Z', '2026-07-09T00:00:00Z');

-- Suiting fabrics (shared by the four suit models)
INSERT OR IGNORE INTO fabric (id, code, name_i18n, description_i18n, fibre_composition, care_data, surcharge_minor, available, created_at, updated_at)
VALUES ('fab_suit_navy', 'SUI-NAV-01', '{"de":"Anzugstoff Marine","en":"Suiting Navy","fr":"Tissu de costume marine","it":"Tessuto abito blu navy"}', '{"de":"Ein dunkler Marine-Anzugstoff mit glatter, ruhiger Oberfläche. Der vielseitigste Ton für Anlass und Büro.","en":"A dark navy suiting fabric with a smooth, calm surface. The most versatile shade for occasions and the office.","fr":"Un tissu de costume bleu marine foncé à la surface lisse et sobre. La teinte la plus polyvalente pour les occasions et le bureau.","it":"Un tessuto da abito blu navy scuro con superficie liscia e sobria. La tonalità più versatile per occasioni e ufficio."}', '{"neutral":"100% Wolle / Wool"}', '["dry clean","iron low"]', 0, 1, '2026-07-09T00:00:00Z', '2026-07-09T00:00:00Z');
INSERT OR IGNORE INTO fabric (id, code, name_i18n, description_i18n, fibre_composition, care_data, surcharge_minor, available, created_at, updated_at)
VALUES ('fab_suit_grey', 'SUI-GRY-01', '{"de":"Anzugstoff Mittelgrau","en":"Suiting Mid Grey","fr":"Tissu de costume gris moyen","it":"Tessuto abito grigio medio"}', '{"de":"Ein mittelgrauer Anzugstoff mit feiner, gleichmässiger Struktur. Hell genug für den Tag, seriös genug für jeden Anlass.","en":"A mid grey suiting fabric with a fine, even structure. Light enough for daytime, serious enough for any occasion.","fr":"Un tissu de costume gris moyen à la structure fine et régulière. Assez clair pour la journée, assez sérieux pour toute occasion.","it":"Un tessuto da abito grigio medio con struttura fine e uniforme. Abbastanza chiaro per il giorno, abbastanza serio per ogni occasione."}', '{"neutral":"100% Wolle / Wool"}', '["dry clean","iron low"]', 0, 1, '2026-07-09T00:00:00Z', '2026-07-09T00:00:00Z');

-- Suit models (DRAFT, placeholder prices pending the producer RFQ)
INSERT OR IGNORE INTO base_model (id, garment_type_id, handle, name_i18n, description_i18n, base_price_minor, lead_time_min_days, lead_time_max_days, status, created_at, updated_at)
VALUES ('bm_suit_jacket_m', 'gt_jacket', 'suit-jacket-men', '{"de":"Anzug-Sakko (Herren)","en":"Suit Jacket (Men)","fr":"Veste de costume (homme)","it":"Giacca da abito (uomo)"}', '{"de":"Ein klar geschnittenes Sakko nach Ihren Massen. Wenige, bewusst gewählte Optionen; zusammen mit der passenden Hose wird daraus Ihr Anzug.","en":"A cleanly cut jacket made to your measurements. Few, deliberately chosen options; together with the matching trousers it becomes your suit.","fr":"Une veste à la coupe nette, confectionnée selon vos mesures. Peu d''options, choisies avec soin; avec le pantalon assorti, elle devient votre costume.","it":"Una giacca dal taglio pulito, realizzata sulle tue misure. Poche opzioni scelte con cura; insieme ai pantaloni abbinati diventa il tuo abito."}', 34900, 14, 28, 'draft', '2026-07-09T00:00:00Z', '2026-07-09T00:00:00Z');
INSERT OR IGNORE INTO base_model (id, garment_type_id, handle, name_i18n, description_i18n, base_price_minor, lead_time_min_days, lead_time_max_days, status, created_at, updated_at)
VALUES ('bm_suit_trouser_m', 'gt_trouser', 'suit-trouser-men', '{"de":"Anzughose (Herren)","en":"Suit Trousers (Men)","fr":"Pantalon de costume (homme)","it":"Pantaloni da abito (uomo)"}', '{"de":"Die passende Anzughose zum Sakko, im gleichen Stoff gefertigt. Gerades Bein, ruhige Silhouette, nach Ihren Massen.","en":"The matching suit trousers, made in the same fabric as the jacket. Straight leg, calm silhouette, made to your measurements.","fr":"Le pantalon de costume assorti, confectionné dans le même tissu que la veste. Jambe droite, silhouette sobre, selon vos mesures.","it":"I pantaloni da abito abbinati, realizzati nello stesso tessuto della giacca. Gamba dritta, silhouette sobria, sulle tue misure."}', 18900, 14, 28, 'draft', '2026-07-09T00:00:00Z', '2026-07-09T00:00:00Z');
INSERT OR IGNORE INTO base_model (id, garment_type_id, handle, name_i18n, description_i18n, base_price_minor, lead_time_min_days, lead_time_max_days, status, created_at, updated_at)
VALUES ('bm_suit_jacket_w', 'gt_jacket_w', 'suit-jacket-women', '{"de":"Blazer (Damen)","en":"Suit Jacket (Women)","fr":"Veste de tailleur (femme)","it":"Giacca da tailleur (donna)"}', '{"de":"Ein klar geschnittener Blazer nach Ihren Massen. Wenige, bewusst gewählte Optionen; zusammen mit der passenden Hose wird daraus Ihr Anzug.","en":"A cleanly cut jacket made to your measurements. Few, deliberately chosen options; together with the matching trousers it becomes your suit.","fr":"Une veste à la coupe nette, confectionnée selon vos mesures. Peu d''options, choisies avec soin; avec le pantalon assorti, elle devient votre tailleur.","it":"Una giacca dal taglio pulito, realizzata sulle tue misure. Poche opzioni scelte con cura; insieme ai pantaloni abbinati diventa il tuo tailleur."}', 34900, 14, 28, 'draft', '2026-07-09T00:00:00Z', '2026-07-09T00:00:00Z');
INSERT OR IGNORE INTO base_model (id, garment_type_id, handle, name_i18n, description_i18n, base_price_minor, lead_time_min_days, lead_time_max_days, status, created_at, updated_at)
VALUES ('bm_suit_trouser_w', 'gt_trouser_w', 'suit-trouser-women', '{"de":"Anzughose (Damen)","en":"Suit Trousers (Women)","fr":"Pantalon de tailleur (femme)","it":"Pantaloni da tailleur (donna)"}', '{"de":"Die passende Anzughose zum Blazer, im gleichen Stoff gefertigt. Gerades Bein, ruhige Silhouette, nach Ihren Massen.","en":"The matching suit trousers, made in the same fabric as the jacket. Straight leg, calm silhouette, made to your measurements.","fr":"Le pantalon assorti à la veste, confectionné dans le même tissu. Jambe droite, silhouette sobre, selon vos mesures.","it":"I pantaloni abbinati alla giacca, realizzati nello stesso tessuto. Gamba dritta, silhouette sobria, sulle tue misure."}', 18900, 14, 28, 'draft', '2026-07-09T00:00:00Z', '2026-07-09T00:00:00Z');

-- Allow-lists: suiting fabrics only; options stay deliberately curated (none at draft)
INSERT OR IGNORE INTO model_allowed_fabric (id, base_model_id, fabric_id, position) VALUES ('maf_sjm_navy', 'bm_suit_jacket_m', 'fab_suit_navy', 0);
INSERT OR IGNORE INTO model_allowed_fabric (id, base_model_id, fabric_id, position) VALUES ('maf_sjm_grey', 'bm_suit_jacket_m', 'fab_suit_grey', 1);
INSERT OR IGNORE INTO model_allowed_fabric (id, base_model_id, fabric_id, position) VALUES ('maf_stm_navy', 'bm_suit_trouser_m', 'fab_suit_navy', 0);
INSERT OR IGNORE INTO model_allowed_fabric (id, base_model_id, fabric_id, position) VALUES ('maf_stm_grey', 'bm_suit_trouser_m', 'fab_suit_grey', 1);
INSERT OR IGNORE INTO model_allowed_fabric (id, base_model_id, fabric_id, position) VALUES ('maf_sjw_navy', 'bm_suit_jacket_w', 'fab_suit_navy', 0);
INSERT OR IGNORE INTO model_allowed_fabric (id, base_model_id, fabric_id, position) VALUES ('maf_sjw_grey', 'bm_suit_jacket_w', 'fab_suit_grey', 1);
INSERT OR IGNORE INTO model_allowed_fabric (id, base_model_id, fabric_id, position) VALUES ('maf_stw_navy', 'bm_suit_trouser_w', 'fab_suit_navy', 0);
INSERT OR IGNORE INTO model_allowed_fabric (id, base_model_id, fabric_id, position) VALUES ('maf_stw_grey', 'bm_suit_trouser_w', 'fab_suit_grey', 1);

-- Collection: the suit (jacket + trousers ordered together = the suit; one parcel by design)
INSERT OR IGNORE INTO collection (id, handle, name_i18n, description_i18n, featured_on_landing, landing_position, created_at, updated_at)
VALUES ('col_suits', 'the-suit', '{"de":"Der Anzug","en":"The Suit","fr":"Le costume","it":"L''abito"}', '{"de":"Ein Anzug, bewusst einfach: Sakko und Hose nach Ihren Massen, im gleichen Stoff, mit wenigen guten Optionen. Für Herren und Damen.","en":"A suit, deliberately simple: jacket and trousers made to your measurements, in the same fabric, with a few good options. For men and women.","fr":"Un costume volontairement simple: veste et pantalon selon vos mesures, dans le même tissu, avec quelques bonnes options. Pour hommes et femmes.","it":"Un abito volutamente semplice: giacca e pantaloni sulle tue misure, nello stesso tessuto, con poche buone opzioni. Per uomo e donna."}', 0, 3, '2026-07-09T00:00:00Z', '2026-07-09T00:00:00Z');
INSERT OR IGNORE INTO collection_member (id, collection_id, base_model_id, position) VALUES ('cm_suit_jm', 'col_suits', 'bm_suit_jacket_m', 0);
INSERT OR IGNORE INTO collection_member (id, collection_id, base_model_id, position) VALUES ('cm_suit_tm', 'col_suits', 'bm_suit_trouser_m', 1);
INSERT OR IGNORE INTO collection_member (id, collection_id, base_model_id, position) VALUES ('cm_suit_jw', 'col_suits', 'bm_suit_jacket_w', 2);
INSERT OR IGNORE INTO collection_member (id, collection_id, base_model_id, position) VALUES ('cm_suit_tw', 'col_suits', 'bm_suit_trouser_w', 3);
-- ---------------------------------------------------------------------------
-- Catalog switch 2026-07-09: Kutetailor-era lineup. The 6 smart-casual models
-- are NEW entities (bm_kt_*); the 4 suit pieces flip to orderable; the 5 old
-- models are hidden (draft) and their handles suffixed -v1 so the new entities
-- own the canonical handles. Old rows are kept, never deleted.

-- Hide the previous lineup (kept in the DB; handles freed for the new entities)
UPDATE base_model SET status='draft', handle='oxford-business-shirt-v1', updated_at='2026-07-09T08:00:00Z' WHERE id='bm_oxford' AND handle='oxford-business-shirt';
UPDATE base_model SET status='draft', handle='city-pleated-trouser-v1', updated_at='2026-07-09T08:00:00Z' WHERE id='bm_chino' AND handle='city-pleated-trouser';
UPDATE base_model SET status='draft', handle='camp-collar-shirt-v1', updated_at='2026-07-09T08:00:00Z' WHERE id='bm_riviera_shirt' AND handle='camp-collar-shirt';
UPDATE base_model SET status='draft', handle='drawstring-trouser-v1', updated_at='2026-07-09T08:00:00Z' WHERE id='bm_riviera_trouser' AND handle='drawstring-trouser';
UPDATE base_model SET status='draft', handle='linen-essential-shirt-v1', updated_at='2026-07-09T08:00:00Z' WHERE id='bm_linen_shirt' AND handle='linen-essential-shirt';

-- New smart-casual entities
INSERT OR IGNORE INTO base_model (id, garment_type_id, handle, name_i18n, description_i18n, base_price_minor, lead_time_min_days, lead_time_max_days, status, created_at, updated_at)
VALUES ('bm_kt_smart', 'gt_shirt', 'smart-casual-shirt', '{"de": "Smart Casual Shirt", "en": "Smart Casual Shirt", "fr": "Chemise smart casual", "it": "Camicia smart casual"}', '{"de": "Das Smart Casual Shirt ist das vielseitigste Hemd im Sortiment: gepflegt genug fuers Buero, entspannt genug fuer den Abend. Klarer Kragen, weicher Griff, ruhige Silhouette. Nach Ihren Massen gefertigt.", "en": "The Smart Casual Shirt is the most versatile shirt in the range: polished enough for the office, relaxed enough for the evening. Clean collar, soft hand feel, calm silhouette. Made to your measurements.", "fr": "La chemise smart casual est la plus polyvalente de la gamme: assez soignee pour le bureau, assez detendue pour le soir. Col net, toucher doux, silhouette sobre. Confectionnee selon vos mesures.", "it": "La camicia smart casual e la piu versatile della gamma: curata per l''ufficio, rilassata per la sera. Collo pulito, mano morbida, silhouette sobria. Realizzata sulle tue misure."}', 16900, 14, 28, 'orderable', '2026-07-09T08:00:00Z', '2026-07-09T08:00:00Z');
INSERT OR IGNORE INTO base_model (id, garment_type_id, handle, name_i18n, description_i18n, base_price_minor, lead_time_min_days, lead_time_max_days, status, created_at, updated_at)
VALUES ('bm_kt_camp', 'gt_shirt', 'camp-collar-shirt', '{"de": "Camp Collar Shirt", "en": "Camp Collar Shirt", "fr": "Chemise à col camp", "it": "Camicia con collo camp"}', '{"de": "Das Camp Collar Shirt ist ein leichtes, kurzärmeliges Hemd für warme Tage und entspannte Smart-Casual-Looks. Der offene Kragen, die klare Knopfleiste und die lockere Silhouette machen es vielseitig tragbar - solo, über einem T-Shirt oder kombiniert mit der passenden Drawstring Trouser. Nach Ihren Massen gefertigt und in drei ruhigen Farben erhältlich.", "en": "The Camp Collar Shirt is a lightweight short-sleeve shirt for warm days and relaxed smart-casual dressing. Its open collar, clean button front, and easy silhouette make it versatile - worn on its own, over a T-shirt, or paired with the matching Drawstring Trouser. Made to your measurements and available in three quiet colors.", "fr": "La Chemise à col camp est une chemise légère à manches courtes pensée pour les journées chaudes et les tenues smart casual détendues. Son col ouvert, sa patte de boutonnage épurée et sa silhouette souple la rendent polyvalente - portée seule, sur un T-shirt ou avec le Pantalon à cordon assorti. Confectionnée selon vos mesures et disponible en trois couleurs sobres.", "it": "La Camicia con collo camp è una camicia leggera a maniche corte pensata per giornate calde e look smart casual rilassati. Il collo aperto, l’abbottonatura pulita e la linea morbida la rendono versatile - da sola, sopra una T-shirt o abbinata al Pantalone con coulisse coordinato. Realizzata sulle tue misure e disponibile in tre colori sobri."}', 16900, 14, 28, 'orderable', '2026-07-09T08:00:00Z', '2026-07-09T08:00:00Z');
INSERT OR IGNORE INTO base_model (id, garment_type_id, handle, name_i18n, description_i18n, base_price_minor, lead_time_min_days, lead_time_max_days, status, created_at, updated_at)
VALUES ('bm_kt_linen', 'gt_shirt', 'linen-shirt', '{"de": "Linen Shirt", "en": "Linen Shirt", "fr": "Chemise en lin", "it": "Camicia di lino"}', '{"de": "Das Linen Essential Shirt ist ein klassisches Leinenhemd für warme Tage und ruhige, gepflegte Looks. Der leichte Stoff, die natürliche Struktur und die klare Silhouette machen es vielseitig tragbar: offen über einem T-Shirt, sauber kombiniert mit Chino oder entspannt zu einer Sommerhose. Nach Ihren Massen gefertigt und bewusst schlicht gehalten.", "en": "The Linen Essential Shirt is a classic linen shirt designed for warm days and understated dressing. Its lightweight fabric, natural texture, and clean silhouette make it easy to wear open over a T-shirt, paired with chinos, or styled casually with relaxed summer trousers. Made to your measurements and kept deliberately simple.", "fr": "La Chemise Essential en lin est une chemise classique pensée pour les journées chaudes et les tenues sobres. Son tissu léger, sa texture naturelle et sa silhouette épurée la rendent facile à porter ouverte sur un T-shirt, avec un chino ou avec un pantalon d’été plus détendu. Confectionnée selon vos mesures et volontairement simple.", "it": "La Camicia Essential in lino è una camicia classica pensata per le giornate calde e per uno stile sobrio. Il tessuto leggero, la texture naturale e la linea pulita la rendono facile da indossare aperta sopra una T-shirt, con un chino o con pantaloni estivi rilassati. Realizzata sulle tue misure e volutamente essenziale."}', 18900, 14, 28, 'orderable', '2026-07-09T08:00:00Z', '2026-07-09T08:00:00Z');
INSERT OR IGNORE INTO base_model (id, garment_type_id, handle, name_i18n, description_i18n, base_price_minor, lead_time_min_days, lead_time_max_days, status, created_at, updated_at)
VALUES ('bm_kt_oxford', 'gt_shirt', 'oxford-shirt', '{"de": "Oxford Shirt", "en": "Oxford Shirt", "fr": "Chemise Oxford", "it": "Camicia Oxford"}', '{"de": "Das Oxford Business Shirt ist ein klares, vielseitiges Hemd für Büro, Meetings und gepflegte Alltagslooks. Der klassische Kragen, die saubere Knopfleiste und die strukturierte Oberfläche sorgen für einen ruhigen, professionellen Eindruck. Nach Ihren Massen gefertigt und in Weiss oder Hellblau erhältlich.", "en": "The Oxford Business Shirt is a clean, versatile shirt for the office, meetings, and refined daily wear. Its classic collar, neat button front, and structured surface create a calm, professional impression. Made to your measurements and available in white or light blue.", "fr": "La Chemise Business Oxford est une chemise nette et polyvalente pour le bureau, les réunions et les tenues quotidiennes soignées. Son col classique, sa patte de boutonnage épurée et sa surface structurée créent une impression sobre et professionnelle. Confectionnée selon vos mesures et disponible en blanc ou bleu clair.", "it": "La Camicia Business Oxford è una camicia pulita e versatile per ufficio, riunioni e look quotidiani curati. Il collo classico, l’abbottonatura ordinata e la superficie strutturata creano un’impressione sobria e professionale. Realizzata sulle tue misure e disponibile in bianco o azzurro."}', 16900, 14, 28, 'orderable', '2026-07-09T08:00:00Z', '2026-07-09T08:00:00Z');
INSERT OR IGNORE INTO base_model (id, garment_type_id, handle, name_i18n, description_i18n, base_price_minor, lead_time_min_days, lead_time_max_days, status, created_at, updated_at)
VALUES ('bm_kt_chino', 'gt_trouser', 'chino', '{"de": "Chino", "en": "Chino", "fr": "Chino", "it": "Chino"}', '{"de": "Der Chino ist die unkomplizierte Hose fuer jeden Tag: glatte Front, gerades Bein, weicher Baumwollstoff. Er begleitet Hemd und Sakko ebenso wie T-Shirt und Strick. Nach Ihren Massen gefertigt, in Sand oder Marine.", "en": "The Chino is the uncomplicated everyday trouser: flat front, straight leg, soft cotton fabric. It works with a shirt and jacket as well as with a T-shirt and knitwear. Made to your measurements, in sand or navy.", "fr": "Le chino est le pantalon simple de tous les jours: devant plat, jambe droite, coton doux. Il accompagne chemise et veste comme t-shirt et maille. Confectionne selon vos mesures, en sable ou marine.", "it": "Il chino e il pantalone semplice di ogni giorno: davanti liscio, gamba dritta, cotone morbido. Sta bene con camicia e giacca come con t-shirt e maglia. Realizzato sulle tue misure, in sabbia o blu navy."}', 18900, 14, 28, 'orderable', '2026-07-09T08:00:00Z', '2026-07-09T08:00:00Z');
INSERT OR IGNORE INTO base_model (id, garment_type_id, handle, name_i18n, description_i18n, base_price_minor, lead_time_min_days, lead_time_max_days, status, created_at, updated_at)
VALUES ('bm_kt_drawstring', 'gt_trouser', 'drawstring-trouser', '{"de": "Drawstring Trouser", "en": "Drawstring Trouser", "fr": "Pantalon à cordon", "it": "Pantalone con coulisse"}', '{"de": "Die Drawstring Trouser verbindet den Komfort einer lockeren Freizeithose mit der sauberen Linie einer massgefertigten Hose. Der elastische Bund mit Kordelzug sorgt für Bewegungsfreiheit, während das gerade Bein ruhig und gepflegt wirkt. Ideal für warme Tage, Reisen und entspannte Smart-Casual-Looks - allein getragen oder kombiniert mit dem passenden Camp Collar Shirt.", "en": "The Drawstring Trouser combines the comfort of a relaxed casual pant with the clean look of a made-to-measure trouser. The elastic waistband and drawstring offer easy movement, while the straight leg keeps the silhouette refined and understated. Designed for warm days, travel, and relaxed smart-casual dressing - worn on its own or paired with the matching Camp Collar Shirt.", "fr": "Le Pantalon à cordon associe le confort d’un pantalon décontracté à la ligne soignée d’un vêtement sur mesure. La taille élastique avec cordon offre une grande liberté de mouvement, tandis que la jambe droite conserve une silhouette élégante et discrète. Pensé pour les journées chaudes, les voyages et les tenues smart casual détendues - seul ou avec la Chemise à col camp assortie.", "it": "Il Pantalone con coulisse unisce il comfort di un pantalone rilassato alla linea pulita di un capo su misura. La vita elasticizzata con coulisse offre libertà di movimento, mentre la gamba dritta mantiene una silhouette curata e discreta. Pensato per giornate calde, viaggi e look smart casual rilassati - da solo o abbinato alla Camicia con collo camp coordinata."}', 18900, 14, 28, 'orderable', '2026-07-09T08:00:00Z', '2026-07-09T08:00:00Z');

-- Allow-lists (curated: fabrics + at most one meaningful option group)
INSERT OR IGNORE INTO model_allowed_fabric (id, base_model_id, fabric_id, position) VALUES ('maf_bm_kt_smart_0', 'bm_kt_smart', 'fab_white', 0);
INSERT OR IGNORE INTO model_allowed_fabric (id, base_model_id, fabric_id, position) VALUES ('maf_bm_kt_smart_1', 'bm_kt_smart', 'fab_blue', 1);
INSERT OR IGNORE INTO model_allowed_fabric (id, base_model_id, fabric_id, position) VALUES ('maf_bm_kt_smart_2', 'bm_kt_smart', 'fab_riv_sand', 2);
INSERT OR IGNORE INTO model_allowed_fabric (id, base_model_id, fabric_id, position) VALUES ('maf_bm_kt_camp_0', 'bm_kt_camp', 'fab_riv_tobacco', 0);
INSERT OR IGNORE INTO model_allowed_fabric (id, base_model_id, fabric_id, position) VALUES ('maf_bm_kt_camp_1', 'bm_kt_camp', 'fab_riv_olive', 1);
INSERT OR IGNORE INTO model_allowed_fabric (id, base_model_id, fabric_id, position) VALUES ('maf_bm_kt_camp_2', 'bm_kt_camp', 'fab_riv_sand', 2);
INSERT OR IGNORE INTO model_allowed_fabric (id, base_model_id, fabric_id, position) VALUES ('maf_bm_kt_linen_0', 'bm_kt_linen', 'fab_lin_white', 0);
INSERT OR IGNORE INTO model_allowed_fabric (id, base_model_id, fabric_id, position) VALUES ('maf_bm_kt_oxford_0', 'bm_kt_oxford', 'fab_white', 0);
INSERT OR IGNORE INTO model_allowed_fabric (id, base_model_id, fabric_id, position) VALUES ('maf_bm_kt_oxford_1', 'bm_kt_oxford', 'fab_blue', 1);
INSERT OR IGNORE INTO model_allowed_fabric (id, base_model_id, fabric_id, position) VALUES ('maf_bm_kt_chino_0', 'bm_kt_chino', 'fab_chino_navy', 0);
INSERT OR IGNORE INTO model_allowed_fabric (id, base_model_id, fabric_id, position) VALUES ('maf_bm_kt_chino_1', 'bm_kt_chino', 'fab_chino_stone', 1);
INSERT OR IGNORE INTO model_allowed_fabric (id, base_model_id, fabric_id, position) VALUES ('maf_bm_kt_drawstring_0', 'bm_kt_drawstring', 'fab_riv_tobacco', 0);
INSERT OR IGNORE INTO model_allowed_fabric (id, base_model_id, fabric_id, position) VALUES ('maf_bm_kt_drawstring_1', 'bm_kt_drawstring', 'fab_riv_olive', 1);
INSERT OR IGNORE INTO model_allowed_fabric (id, base_model_id, fabric_id, position) VALUES ('maf_bm_kt_drawstring_2', 'bm_kt_drawstring', 'fab_riv_sand', 2);
INSERT OR IGNORE INTO model_allowed_option (id, base_model_id, option_group_id, required, position) VALUES ('mao_kt_smart_collar', 'bm_kt_smart', 'og_collar', 1, 0);
INSERT OR IGNORE INTO model_allowed_option (id, base_model_id, option_group_id, required, position) VALUES ('mao_kt_oxford_collar', 'bm_kt_oxford', 'og_collar', 1, 0);

-- Suit pieces go live (placeholder prices until the producer RFQ)
UPDATE base_model SET status='orderable', updated_at='2026-07-09T08:00:00Z' WHERE id='bm_suit_jacket_m';
UPDATE base_model SET status='orderable', updated_at='2026-07-09T08:00:00Z' WHERE id='bm_suit_trouser_m';
UPDATE base_model SET status='orderable', updated_at='2026-07-09T08:00:00Z' WHERE id='bm_suit_jacket_w';
UPDATE base_model SET status='orderable', updated_at='2026-07-09T08:00:00Z' WHERE id='bm_suit_trouser_w';

-- Landing: Smart Casual first, the suit second; old collections off the landing
UPDATE collection SET featured_on_landing=0, updated_at='2026-07-09T08:00:00Z' WHERE id IN ('col_business_essentials','col_casual_essentials');
INSERT OR IGNORE INTO collection (id, handle, name_i18n, description_i18n, featured_on_landing, landing_position, created_at, updated_at)
VALUES ('col_smart_casual', 'smart-casual', '{"de": "Smart Casual", "en": "Smart Casual", "fr": "Smart casual", "it": "Smart casual"}', '{"de": "Hemden und Hosen fuer jeden Tag: klar geschnitten, weich im Griff, nach Ihren Massen gefertigt.", "en": "Shirts and trousers for every day: cleanly cut, soft to the touch, made to your measurements.", "fr": "Chemises et pantalons pour tous les jours: coupe nette, toucher doux, confectionnes selon vos mesures.", "it": "Camicie e pantaloni per ogni giorno: taglio pulito, mano morbida, realizzati sulle tue misure."}', 1, 1, '2026-07-09T08:00:00Z', '2026-07-09T08:00:00Z');
INSERT OR IGNORE INTO collection_member (id, collection_id, base_model_id, position) VALUES ('cm_sc_0', 'col_smart_casual', 'bm_kt_smart', 0);
INSERT OR IGNORE INTO collection_member (id, collection_id, base_model_id, position) VALUES ('cm_sc_1', 'col_smart_casual', 'bm_kt_camp', 1);
INSERT OR IGNORE INTO collection_member (id, collection_id, base_model_id, position) VALUES ('cm_sc_2', 'col_smart_casual', 'bm_kt_linen', 2);
INSERT OR IGNORE INTO collection_member (id, collection_id, base_model_id, position) VALUES ('cm_sc_3', 'col_smart_casual', 'bm_kt_oxford', 3);
INSERT OR IGNORE INTO collection_member (id, collection_id, base_model_id, position) VALUES ('cm_sc_4', 'col_smart_casual', 'bm_kt_chino', 4);
INSERT OR IGNORE INTO collection_member (id, collection_id, base_model_id, position) VALUES ('cm_sc_5', 'col_smart_casual', 'bm_kt_drawstring', 5);
UPDATE collection SET featured_on_landing=1, landing_position=2, updated_at='2026-07-09T08:00:00Z' WHERE id='col_suits';

-- Cross-sell rewired to the new lineup (old rules replaced)
DELETE FROM cross_sell_rule WHERE source_type='model' AND source_key IN ('camp-collar-shirt','drawstring-trouser','linen-essential-shirt','oxford-business-shirt','city-pleated-trouser');
INSERT OR IGNORE INTO cross_sell_rule (id, source_type, source_key, suggested_model_id, position, created_at, updated_at) VALUES ('xs_kt_0', 'model', 'smart-casual-shirt', 'bm_kt_chino', 0, '2026-07-09T08:00:00Z', '2026-07-09T08:00:00Z');
INSERT OR IGNORE INTO cross_sell_rule (id, source_type, source_key, suggested_model_id, position, created_at, updated_at) VALUES ('xs_kt_1', 'model', 'camp-collar-shirt', 'bm_kt_drawstring', 0, '2026-07-09T08:00:00Z', '2026-07-09T08:00:00Z');
INSERT OR IGNORE INTO cross_sell_rule (id, source_type, source_key, suggested_model_id, position, created_at, updated_at) VALUES ('xs_kt_2', 'model', 'linen-shirt', 'bm_kt_drawstring', 0, '2026-07-09T08:00:00Z', '2026-07-09T08:00:00Z');
INSERT OR IGNORE INTO cross_sell_rule (id, source_type, source_key, suggested_model_id, position, created_at, updated_at) VALUES ('xs_kt_3', 'model', 'oxford-shirt', 'bm_kt_chino', 0, '2026-07-09T08:00:00Z', '2026-07-09T08:00:00Z');
INSERT OR IGNORE INTO cross_sell_rule (id, source_type, source_key, suggested_model_id, position, created_at, updated_at) VALUES ('xs_kt_4', 'model', 'chino', 'bm_kt_oxford', 0, '2026-07-09T08:00:00Z', '2026-07-09T08:00:00Z');
INSERT OR IGNORE INTO cross_sell_rule (id, source_type, source_key, suggested_model_id, position, created_at, updated_at) VALUES ('xs_kt_5', 'model', 'drawstring-trouser', 'bm_kt_camp', 0, '2026-07-09T08:00:00Z', '2026-07-09T08:00:00Z');
INSERT OR IGNORE INTO cross_sell_rule (id, source_type, source_key, suggested_model_id, position, created_at, updated_at) VALUES ('xs_kt_6', 'model', 'suit-jacket-men', 'bm_suit_trouser_m', 0, '2026-07-09T08:00:00Z', '2026-07-09T08:00:00Z');
INSERT OR IGNORE INTO cross_sell_rule (id, source_type, source_key, suggested_model_id, position, created_at, updated_at) VALUES ('xs_kt_7', 'model', 'suit-trouser-men', 'bm_suit_jacket_m', 0, '2026-07-09T08:00:00Z', '2026-07-09T08:00:00Z');
INSERT OR IGNORE INTO cross_sell_rule (id, source_type, source_key, suggested_model_id, position, created_at, updated_at) VALUES ('xs_kt_8', 'model', 'suit-jacket-women', 'bm_suit_trouser_w', 0, '2026-07-09T08:00:00Z', '2026-07-09T08:00:00Z');
INSERT OR IGNORE INTO cross_sell_rule (id, source_type, source_key, suggested_model_id, position, created_at, updated_at) VALUES ('xs_kt_9', 'model', 'suit-trouser-women', 'bm_suit_jacket_w', 0, '2026-07-09T08:00:00Z', '2026-07-09T08:00:00Z');

-- Placeholder images (PNG in R2; the founder replaces them in the admin)
INSERT OR IGNORE INTO media (id, r2_key, entity_type, entity_id, alt, kind, position, is_primary, created_at, updated_at) VALUES ('med_ph_kt_smart', 'media/model/bm_kt_smart/med_ph_kt_smart', 'model', 'bm_kt_smart', 'Bildplatzhalter', 'image', 0, 1, '2026-07-09T08:00:00Z', '2026-07-09T08:00:00Z');
INSERT OR IGNORE INTO media (id, r2_key, entity_type, entity_id, alt, kind, position, is_primary, created_at, updated_at) VALUES ('med_ph_kt_camp', 'media/model/bm_kt_camp/med_ph_kt_camp', 'model', 'bm_kt_camp', 'Bildplatzhalter', 'image', 0, 1, '2026-07-09T08:00:00Z', '2026-07-09T08:00:00Z');
INSERT OR IGNORE INTO media (id, r2_key, entity_type, entity_id, alt, kind, position, is_primary, created_at, updated_at) VALUES ('med_ph_kt_linen', 'media/model/bm_kt_linen/med_ph_kt_linen', 'model', 'bm_kt_linen', 'Bildplatzhalter', 'image', 0, 1, '2026-07-09T08:00:00Z', '2026-07-09T08:00:00Z');
INSERT OR IGNORE INTO media (id, r2_key, entity_type, entity_id, alt, kind, position, is_primary, created_at, updated_at) VALUES ('med_ph_kt_oxford', 'media/model/bm_kt_oxford/med_ph_kt_oxford', 'model', 'bm_kt_oxford', 'Bildplatzhalter', 'image', 0, 1, '2026-07-09T08:00:00Z', '2026-07-09T08:00:00Z');
INSERT OR IGNORE INTO media (id, r2_key, entity_type, entity_id, alt, kind, position, is_primary, created_at, updated_at) VALUES ('med_ph_kt_chino', 'media/model/bm_kt_chino/med_ph_kt_chino', 'model', 'bm_kt_chino', 'Bildplatzhalter', 'image', 0, 1, '2026-07-09T08:00:00Z', '2026-07-09T08:00:00Z');
INSERT OR IGNORE INTO media (id, r2_key, entity_type, entity_id, alt, kind, position, is_primary, created_at, updated_at) VALUES ('med_ph_kt_drawstring', 'media/model/bm_kt_drawstring/med_ph_kt_drawstring', 'model', 'bm_kt_drawstring', 'Bildplatzhalter', 'image', 0, 1, '2026-07-09T08:00:00Z', '2026-07-09T08:00:00Z');
INSERT OR IGNORE INTO media (id, r2_key, entity_type, entity_id, alt, kind, position, is_primary, created_at, updated_at) VALUES ('med_ph_suit_jacket_m', 'media/model/bm_suit_jacket_m/med_ph_suit_jacket_m', 'model', 'bm_suit_jacket_m', 'Bildplatzhalter', 'image', 0, 1, '2026-07-09T08:00:00Z', '2026-07-09T08:00:00Z');
INSERT OR IGNORE INTO media (id, r2_key, entity_type, entity_id, alt, kind, position, is_primary, created_at, updated_at) VALUES ('med_ph_suit_trouser_m', 'media/model/bm_suit_trouser_m/med_ph_suit_trouser_m', 'model', 'bm_suit_trouser_m', 'Bildplatzhalter', 'image', 0, 1, '2026-07-09T08:00:00Z', '2026-07-09T08:00:00Z');
INSERT OR IGNORE INTO media (id, r2_key, entity_type, entity_id, alt, kind, position, is_primary, created_at, updated_at) VALUES ('med_ph_suit_jacket_w', 'media/model/bm_suit_jacket_w/med_ph_suit_jacket_w', 'model', 'bm_suit_jacket_w', 'Bildplatzhalter', 'image', 0, 1, '2026-07-09T08:00:00Z', '2026-07-09T08:00:00Z');
INSERT OR IGNORE INTO media (id, r2_key, entity_type, entity_id, alt, kind, position, is_primary, created_at, updated_at) VALUES ('med_ph_suit_trouser_w', 'media/model/bm_suit_trouser_w/med_ph_suit_trouser_w', 'model', 'bm_suit_trouser_w', 'Bildplatzhalter', 'image', 0, 1, '2026-07-09T08:00:00Z', '2026-07-09T08:00:00Z');
